id_municipio,sigla_uf
110033,RO
110020,RO
110110,RO
110080,RO
110094,RO
110045,RO
110070,RO
110010,RO
110008,RO
110149,RO
110140,RO
110060,RO
110040,RO
110002,RO
110026,RO
110175,RO
110013,RO
110011,RO
110160,RO
110100,RO
110180,RO
110155,RO
110143,RO
110025,RO
110012,RO
110130,RO
110015,RO
110170,RO
110032,RO
110150,RO
110034,RO
110014,RO
110090,RO
110120,RO
110029,RO
110050,RO
110037,RO
110004,RO
110009,RO
110001,RO
110028,RO
110147,RO
110145,RO
110148,RO
110018,RO
110092,RO
110030,RO
110003,RO
110146,RO
110005,RO
110007,RO
110006,RO
120039,AC
120033,AC
120035,AC
120042,AC
120020,AC
120060,AC
120032,AC
120030,AC
120043,AC
120050,AC
120034,AC
120045,AC
120038,AC
120013,AC
120017,AC
120040,AC
120001,AC
120080,AC
120025,AC
120070,AC
120005,AC
120010,AC
130380,AM
130360,AM
130040,AM
130320,AM
130210,AM
130280,AM
130230,AM
130160,AM
130423,AM
130370,AM
130006,AM
130060,AM
130390,AM
130020,AM
130406,AM
130100,AM
130220,AM
130140,AM
130165,AM
130150,AM
130195,AM
130180,AM
130002,AM
130420,AM
130426,AM
130130,AM
130010,AM
130120,AM
130063,AM
130083,AM
130008,AM
130030,AM
130110,AM
130255,AM
130185,AM
130260,AM
130115,AM
130250,AM
130353,AM
130356,AM
130310,AM
130400,AM
130440,AM
130200,AM
130190,AM
130340,AM
130050,AM
130300,AM
130068,AM
130290,AM
130430,AM
130395,AM
130350,AM
130070,AM
130240,AM
130090,AM
130410,AM
130080,AM
130014,AM
130270,AM
130170,AM
130330,AM
140010,RR
140005,RR
140045,RR
140002,RR
140015,RR
140017,RR
140070,RR
140040,RR
140030,RR
140028,RR
140020,RR
140047,RR
140050,RR
140023,RR
140060,RR
150300,PA
150390,PA
150530,PA
150797,PA
150510,PA
150040,PA
150480,PA
150680,PA
150600,PA
150475,PA
150145,PA
150565,PA
150285,PA
150050,PA
150590,PA
150450,PA
150310,PA
150580,PA
150110,PA
150180,PA
150030,PA
150070,PA
150280,PA
150770,PA
150250,PA
150630,PA
150640,PA
150570,PA
150200,PA
150490,PA
150790,PA
150635,PA
150150,PA
150140,PA
150130,PA
150080,PA
150442,PA
150700,PA
150190,PA
150650,PA
150240,PA
150340,PA
150260,PA
150820,PA
150710,PA
150796,PA
150290,PA
150410,PA
150746,PA
150440,PA
150430,PA
150620,PA
150747,PA
150660,PA
150740,PA
150320,PA
150803,PA
150170,PA
150090,PA
150500,PA
150690,PA
150220,PA
150560,PA
150160,PA
150610,PA
150611,PA
150520,PA
150210,PA
150400,PA
150460,PA
150010,PA
150330,PA
150120,PA
150800,PA
150020,PA
150275,PA
150470,PA
150795,PA
150720,PA
150350,PA
150760,PA
150655,PA
150195,PA
150830,PA
150405,PA
150345,PA
150095,PA
150230,PA
150540,PA
150495,PA
150307,PA
150375,PA
150360,PA
150503,PA
150805,PA
150100,PA
150619,PA
150548,PA
150060,PA
150780,PA
150172,PA
150445,PA
150815,PA
150835,PA
150085,PA
150380,PA
150370,PA
150497,PA
150506,PA
150178,PA
150810,PA
150812,PA
150293,PA
150550,PA
150618,PA
150013,PA
150157,PA
150309,PA
150125,PA
150276,PA
150808,PA
150543,PA
150730,PA
150277,PA
150215,PA
150553,PA
150295,PA
150034,PA
150549,PA
150420,PA
150175,PA
150750,PA
150715,PA
150563,PA
150745,PA
150613,PA
150555,PA
150775,PA
150616,PA
150840,PA
150670,PA
150658,PA
150270,PA
150304,PA
160050,AP
160020,AP
160070,AP
160010,AP
160055,AP
160025,AP
160030,AP
160060,AP
160021,AP
160015,AP
160023,AP
160005,AP
160053,AP
160040,AP
160027,AP
160080,AP
170650,TO
171855,TO
170100,TO
170105,TO
171430,TO
171280,TO
172000,TO
172120,TO
170030,TO
170382,TO
171380,TO
171245,TO
170255,TO
170220,TO
170389,TO
172080,TO
171830,TO
172010,TO
170380,TO
170740,TO
170290,TO
172030,TO
171070,TO
171880,TO
172020,TO
171630,TO
170300,TO
170215,TO
171720,TO
170230,TO
170130,TO
170210,TO
171488,TO
170388,TO
170770,TO
172210,TO
172208,TO
171886,TO
171395,TO
171570,TO
170305,TO
170550,TO
170310,TO
170025,TO
170710,TO
170190,TO
170390,TO
171250,TO
171370,TO
171870,TO
171320,TO
170720,TO
171330,TO
170930,TO
170830,TO
171670,TO
171665,TO
170600,TO
171840,TO
170825,TO
171110,TO
172125,TO
170320,TO
170360,TO
172130,TO
171180,TO
170755,TO
171550,TO
171190,TO
171500,TO
170460,TO
171750,TO
171845,TO
170610,TO
171610,TO
170200,TO
170730,TO
170820,TO
171884,TO
170370,TO
171889,TO
170950,TO
171575,TO
170386,TO
170070,TO
170035,TO
170625,TO
170765,TO
171660,TO
172097,TO
171150,TO
172085,TO
172025,TO
170110,TO
171200,TO
172100,TO
172065,TO
170980,TO
171360,TO
171820,TO
172110,TO
171650,TO
171888,TO
170330,TO
171270,TO
171240,TO
171510,TO
171195,TO
171875,TO
172015,TO
171900,TO
171790,TO
170384,TO
170900,TO
170307,TO
171850,TO
170410,TO
171050,TO
171090,TO
171700,TO
171420,TO
170510,TO
171890,TO
172049,TO
171620,TO
170700,TO
170040,TO
171800,TO
171525,TO
172090,TO
170560,TO
170270,TO
172093,TO
170555,TO
170240,TO
171865,TO
171215,TO
171780,TO
171515,TO
210020,MA
210135,MA
210190,MA
210240,MA
210312,MA
211178,MA
210905,MA
210370,MA
210083,MA
210130,MA
210680,MA
210310,MA
210490,MA
211120,MA
211130,MA
210945,MA
210750,MA
210710,MA
210960,MA
210920,MA
210510,MA
210237,MA
210125,MA
211020,MA
210110,MA
210940,MA
210170,MA
211027,MA
210500,MA
210805,MA
211250,MA
210927,MA
211050,MA
210860,MA
210980,MA
210825,MA
210840,MA
210760,MA
210070,MA
210100,MA
211100,MA
210745,MA
210830,MA
211170,MA
211280,MA
210650,MA
210250,MA
211290,MA
210515,MA
210177,MA
210690,MA
210355,MA
210540,MA
210675,MA
210930,MA
210880,MA
211270,MA
210270,MA
210720,MA
210663,MA
211245,MA
211240,MA
210620,MA
210290,MA
210467,MA
210197,MA
210317,MA
210565,MA
210055,MA
210260,MA
210430,MA
210315,MA
210632,MA
210637,MA
211400,MA
210990,MA
210465,MA
211102,MA
210047,MA
210735,MA
210850,MA
211000,MA
210087,MA
211227,MA
210200,MA
210596,MA
211300,MA
210810,MA
210570,MA
210635,MA
210215,MA
210040,MA
211003,MA
210923,MA
210203,MA
210232,MA
210325,MA
210700,MA
211285,MA
211153,MA
210598,MA
210375,MA
210235,MA
210955,MA
210060,MA
210455,MA
211176,MA
210530,MA
210550,MA
210542,MA
210005,MA
211085,MA
210870,MA
210207,MA
210590,MA
211172,MA
210740,MA
210120,MA
211150,MA
211140,MA
210193,MA
210580,MA
210594,MA
211167,MA
210600,MA
211223,MA
210820,MA
210520,MA
210400,MA
211163,MA
210890,MA
211030,MA
210560,MA
210975,MA
211230,MA
210409,MA
211180,MA
210408,MA
210160,MA
210535,MA
210480,MA
210095,MA
210547,MA
210910,MA
210460,MA
210440,MA
210450,MA
210470,MA
211174,MA
210420,MA
210462,MA
210380,MA
211125,MA
211070,MA
211010,MA
210630,MA
210015,MA
211023,MA
211060,MA
210090,MA
210173,MA
211040,MA
210320,MA
210667,MA
211260,MA
210210,MA
210640,MA
210080,MA
210220,MA
210043,MA
210275,MA
210845,MA
211210,MA
210330,MA
210360,MA
210390,MA
210340,MA
210010,MA
210030,MA
211107,MA
210300,MA
211220,MA
210660,MA
210230,MA
210780,MA
210592,MA
210800,MA
211090,MA
210150,MA
210790,MA
211110,MA
211195,MA
210730,MA
210770,MA
211190,MA
210670,MA
210545,MA
210350,MA
210255,MA
211105,MA
210405,MA
210900,MA
211157,MA
210280,MA
210140,MA
210050,MA
211200,MA
210407,MA
210950,MA
211065,MA
210180,MA
211080,MA
210410,MA
210970,MA
211160,MA
210610,MA
210725,MA
220620,PI
220205,PI
220120,PI
220217,PI
220850,PI
220177,PI
220680,PI
220840,PI
220196,PI
220545,PI
220580,PI
220150,PI
220370,PI
220540,PI
220610,PI
220997,PI
220667,PI
220585,PI
220669,PI
220208,PI
220770,PI
220570,PI
220272,PI
220200,PI
220465,PI
220253,PI
220191,PI
220265,PI
220270,PI
220987,PI
221005,PI
220830,PI
220779,PI
220330,PI
220672,PI
220273,PI
220555,PI
220640,PI
220325,PI
220160,PI
221100,PI
220550,PI
221110,PI
220040,PI
220558,PI
220630,PI
220695,PI
220030,PI
220202,PI
220220,PI
220675,PI
220105,PI
221065,PI
220260,PI
221040,PI
220527,PI
220194,PI
220551,PI
220990,PI
220271,PI
220557,PI
220635,PI
220240,PI
220790,PI
220342,PI
220525,PI
220710,PI
220060,PI
220050,PI
220945,PI
221050,PI
220750,PI
220554,PI
220140,PI
220775,PI
220010,PI
220460,PI
220020,PI
220880,PI
220980,PI
220100,PI
220410,PI
220400,PI
220960,PI
220860,PI
221038,PI
221140,PI
220350,PI
220117,PI
220559,PI
220470,PI
221130,PI
220090,PI
220690,PI
220810,PI
220915,PI
220920,PI
220890,PI
220115,PI
221120,PI
220275,PI
220855,PI
220560,PI
220600,PI
221063,PI
220590,PI
220080,PI
220170,PI
220360,PI
221039,PI
220510,PI
220450,PI
220970,PI
221010,PI
220225,PI
220390,PI
220530,PI
220670,PI
220785,PI
220380,PI
220900,PI
220975,PI
220440,PI
220660,PI
220130,PI
220190,PI
220930,PI
220870,PI
220740,PI
220310,PI
220045,PI
220323,PI
220250,PI
220553,PI
220455,PI
220345,PI
220335,PI
221135,PI
221035,PI
220955,PI
220285,PI
221060,PI
220192,PI
220375,PI
220070,PI
220198,PI
220735,PI
220230,PI
221095,PI
220552,PI
220290,PI
221062,PI
220885,PI
220300,PI
220320,PI
220665,PI
220760,PI
220110,PI
220480,PI
220985,PI
220340,PI
220935,PI
221037,PI
220910,PI
220435,PI
220800,PI
220095,PI
220180,PI
221093,PI
221170,PI
221020,PI
220755,PI
221097,PI
220277,PI
220207,PI
220700,PI
220937,PI
220995,PI
221030,PI
220650,PI
220420,PI
220025,PI
220820,PI
220940,PI
220027,PI
220209,PI
220213,PI
220520,PI
220430,PI
220720,PI
220605,PI
220490,PI
220500,PI
221150,PI
221160,PI
220415,PI
220595,PI
220157,PI
220780,PI
220255,PI
220777,PI
220865,PI
220515,PI
220005,PI
220173,PI
221070,PI
220327,PI
220950,PI
220385,PI
220730,PI
221090,PI
221080,PI
220280,PI
220210,PI
220965,PI
220155,PI
220556,PI
221000,PI
220795,PI
220211,PI
220535,PI
220793,PI
220887,PI
220245,PI
230890,CE
230790,CE
230725,CE
230655,CE
230230,CE
230020,CE
230780,CE
230425,CE
230390,CE
230470,CE
230205,CE
230260,CE
230530,CE
230340,CE
231360,CE
231410,CE
231340,CE
231230,CE
230500,CE
230423,CE
231390,CE
230450,CE
230400,CE
230880,CE
230820,CE
230050,CE
230837,CE
230610,CE
230465,CE
231280,CE
230800,CE
231200,CE
231290,CE
230990,CE
230310,CE
230490,CE
230435,CE
230900,CE
231100,CE
231170,CE
231395,CE
230590,CE
231095,CE
230580,CE
231220,CE
230365,CE
230520,CE
230640,CE
231350,CE
230075,CE
231025,CE
231020,CE
231240,CE
231355,CE
231380,CE
231375,CE
230630,CE
231260,CE
231070,CE
231335,CE
230460,CE
230090,CE
231040,CE
230300,CE
230660,CE
230280,CE
231010,CE
230650,CE
230910,CE
230015,CE
230980,CE
230140,CE
231160,CE
230290,CE
230120,CE
230510,CE
230210,CE
230395,CE
230945,CE
230195,CE
231085,CE
230220,CE
230350,CE
230370,CE
230625,CE
230970,CE
230440,CE
230765,CE
230770,CE
230495,CE
230100,CE
230428,CE
230960,CE
230523,CE
231320,CE
230930,CE
230860,CE
230940,CE
230410,CE
230565,CE
231126,CE
230125,CE
230560,CE
230240,CE
230763,CE
230393,CE
230185,CE
231140,CE
231130,CE
230526,CE
231190,CE
230360,CE
230040,CE
230150,CE
231030,CE
231330,CE
230835,CE
231050,CE
231300,CE
231270,CE
230426,CE
230850,CE
231090,CE
230030,CE
230535,CE
230445,CE
230110,CE
230620,CE
230533,CE
230070,CE
231250,CE
231180,CE
231310,CE
231150,CE
231000,CE
230760,CE
230870,CE
230700,CE
230680,CE
230670,CE
230690,CE
231123,CE
230600,CE
231080,CE
230427,CE
231135,CE
230380,CE
230550,CE
230950,CE
230540,CE
230330,CE
230740,CE
231325,CE
230080,CE
231400,CE
230570,CE
230180,CE
231370,CE
230750,CE
231195,CE
231120,CE
230270,CE
230160,CE
230130,CE
230480,CE
230430,CE
230060,CE
230320,CE
230170,CE
230200,CE
230810,CE
231210,CE
230840,CE
230710,CE
230420,CE
230730,CE
230190,CE
230920,CE
231110,CE
230830,CE
230720,CE
231060,CE
230250,CE
230010,CE
241335,RN
240440,RN
240800,RN
240110,RN
240145,RN
241105,RN
240430,RN
240100,RN
240230,RN
240370,RN
240520,RN
241460,RN
240130,RN
240760,RN
240870,RN
241445,RN
240610,RN
240020,RN
240485,RN
240250,RN
240070,RN
240990,RN
241025,RN
241280,RN
240470,RN
240040,RN
240320,RN
241080,RN
241250,RN
240725,RN
240700,RN
240330,RN
240290,RN
241475,RN
241360,RN
241100,RN
240490,RN
240940,RN
240050,RN
241190,RN
240600,RN
240860,RN
241410,RN
241380,RN
241050,RN
240730,RN
240390,RN
241490,RN
241000,RN
241020,RN
241070,RN
240090,RN
240400,RN
241450,RN
240060,RN
240840,RN
241060,RN
240930,RN
240590,RN
240690,RN
240740,RN
241355,RN
240185,RN
240410,RN
241160,RN
240720,RN
240450,RN
240970,RN
240550,RN
240960,RN
240190,RN
240030,RN
240080,RN
240375,RN
240670,RN
240650,RN
241300,RN
241415,RN
240270,RN
240165,RN
240380,RN
241140,RN
240200,RN
240560,RN
241210,RN
240480,RN
241340,RN
241180,RN
241430,RN
241142,RN
241240,RN
240890,RN
240850,RN
240300,RN
240340,RN
240570,RN
240240,RN
240310,RN
240010,RN
241010,RN
240160,RN
240510,RN
240880,RN
240580,RN
241230,RN
240790,RN
241330,RN
240280,RN
240540,RN
241170,RN
240500,RN
241400,RN
240210,RN
241370,RN
241120,RN
240680,RN
240150,RN
241290,RN
240640,RN
241110,RN
241480,RN
240780,RN
240460,RN
240660,RN
240180,RN
240615,RN
240170,RN
240920,RN
240910,RN
241030,RN
240630,RN
240620,RN
241150,RN
240530,RN
240830,RN
241350,RN
241470,RN
241310,RN
241090,RN
241270,RN
240933,RN
241260,RN
241040,RN
241390,RN
241255,RN
241440,RN
240750,RN
240895,RN
240950,RN
240820,RN
240260,RN
241200,RN
240710,RN
241220,RN
240325,RN
240360,RN
240810,RN
241320,RN
240980,RN
240140,RN
241420,RN
241500,RN
240350,RN
240120,RN
240420,RN
240770,RN
240220,RN
250430,PB
250937,PB
251280,PB
250740,PB
250290,PB
250200,PB
251390,PB
251465,PB
250230,PB
250280,PB
250810,PB
251365,PB
250205,PB
251690,PB
251203,PB
251207,PB
250070,PB
250370,PB
251450,PB
250330,PB
251680,PB
250410,PB
250240,PB
250960,PB
250220,PB
251330,PB
250550,PB
250880,PB
251210,PB
251392,PB
250450,PB
250375,PB
251090,PB
251396,PB
251420,PB
251398,PB
251620,PB
250077,PB
251000,PB
250915,PB
251720,PB
250840,PB
251320,PB
251460,PB
250340,PB
251070,PB
251440,PB
250115,PB
250870,PB
251380,PB
251260,PB
251080,PB
250590,PB
251040,PB
250420,PB
250480,PB
251020,PB
251130,PB
250260,PB
250020,PB
251360,PB
250700,PB
251335,PB
250660,PB
251430,PB
250560,PB
251100,PB
251350,PB
250440,PB
250210,PB
250530,PB
251570,PB
250670,PB
250939,PB
250010,PB
250540,PB
251670,PB
250355,PB
251230,PB
251455,PB
250900,PB
251660,PB
250800,PB
250780,PB
251710,PB
251300,PB
251340,PB
251470,PB
251490,PB
250500,PB
251540,PB
251675,PB
250770,PB
250620,PB
251110,PB
251140,PB
251030,PB
250153,PB
250135,PB
251650,PB
251220,PB
251410,PB
251060,PB
251740,PB
250390,PB
250970,PB
251520,PB
251065,PB
250073,PB
250850,PB
250485,PB
251630,PB
251480,PB
251550,PB
250470,PB
250053,PB
250435,PB
250170,PB
251394,PB
251278,PB
250157,PB
250310,PB
251385,PB
250407,PB
250650,PB
250250,PB
251400,PB
250090,PB
251050,PB
251200,PB
251270,PB
250057,PB
251610,PB
250510,PB
250535,PB
250160,PB
251010,PB
251615,PB
251274,PB
250570,PB
251640,PB
250415,PB
250100,PB
251600,PB
250350,PB
250600,PB
251510,PB
250120,PB
250950,PB
250150,PB
251160,PB
250270,PB
251590,PB
250110,PB
250030,PB
250933,PB
250040,PB
250190,PB
250820,PB
250360,PB
250855,PB
250520,PB
250050,PB
250080,PB
250980,PB
251593,PB
251180,PB
251170,PB
250580,PB
250630,PB
251560,PB
250830,PB
250610,PB
251580,PB
250920,PB
251240,PB
250400,PB
250215,PB
251250,PB
250640,PB
250760,PB
250380,PB
250690,PB
250940,PB
251310,PB
250680,PB
251275,PB
250720,PB
250990,PB
251315,PB
250130,PB
250625,PB
251700,PB
250523,PB
250527,PB
250730,PB
250403,PB
251272,PB
251290,PB
250140,PB
250890,PB
250710,PB
250905,PB
250930,PB
251150,PB
251500,PB
250910,PB
251597,PB
250790,PB
250490,PB
251530,PB
251276,PB
251445,PB
250460,PB
250180,PB
250860,PB
250320,PB
250750,PB
251370,PB
251120,PB
250060,PB
251190,PB
250300,PB
261255,PE
260730,PE
261430,PE
261245,PE
261560,PE
260530,PE
260990,PE
260200,PE
260630,PE
260110,PE
261350,PE
260930,PE
261400,PE
261220,PE
260430,PE
261040,PE
261610,PE
260340,PE
261570,PE
261390,PE
260560,PE
261247,PE
260390,PE
260770,PE
260010,PE
261360,PE
261440,PE
260710,PE
261590,PE
260250,PE
261460,PE
261153,PE
261280,PE
260690,PE
261410,PE
260120,PE
260660,PE
260700,PE
260510,PE
260915,PE
260180,PE
260875,PE
261110,PE
260980,PE
261260,PE
260020,PE
260515,PE
261520,PE
260300,PE
261100,PE
260392,PE
261480,PE
260570,PE
260805,PE
260160,PE
260740,PE
260050,PE
261600,PE
261080,PE
260280,PE
261580,PE
260750,PE
260640,PE
260310,PE
261170,PE
260260,PE
260800,PE
260190,PE
260410,PE
261310,PE
260380,PE
261120,PE
260060,PE
261240,PE
261470,PE
261090,PE
261300,PE
260170,PE
260415,PE
261450,PE
260580,PE
261270,PE
261618,PE
261620,PE
261500,PE
261250,PE
261540,PE
261380,PE
260890,PE
261050,PE
260970,PE
260810,PE
260910,PE
260540,PE
261210,PE
260220,PE
260490,PE
260600,PE
261010,PE
261510,PE
260330,PE
260840,PE
260825,PE
261320,PE
260100,PE
260240,PE
261230,PE
260370,PE
260830,PE
260650,PE
260210,PE
260320,PE
260470,PE
260880,PE
260860,PE
261030,PE
260670,PE
260130,PE
260230,PE
261200,PE
260080,PE
261330,PE
260030,PE
260500,PE
261020,PE
260350,PE
260870,PE
261060,PE
260070,PE
261630,PE
260360,PE
260765,PE
260460,PE
260620,PE
260900,PE
260550,PE
261530,PE
260780,PE
260950,PE
260400,PE
261550,PE
260270,PE
260845,PE
260850,PE
260440,PE
261640,PE
261130,PE
260610,PE
260450,PE
260150,PE
260820,PE
261650,PE
260420,PE
260040,PE
260590,PE
260920,PE
261290,PE
261000,PE
260795,PE
260140,PE
261485,PE
261340,PE
261190,PE
261420,PE
261150,PE
261180,PE
261140,PE
260090,PE
260480,PE
260520,PE
260105,PE
260680,PE
260775,PE
260760,PE
261160,PE
260005,PE
260790,PE
260960,PE
261370,PE
261070,PE
260940,PE
260345,PE
260290,PE
260720,PE
260545,PE
270500,AL
270010,AL
270642,AL
270330,AL
270160,AL
270580,AL
270240,AL
270710,AL
270180,AL
270720,AL
270895,AL
270610,AL
270800,AL
270250,AL
270460,AL
270840,AL
270620,AL
270640,AL
270370,AL
270440,AL
270600,AL
270070,AL
270570,AL
270540,AL
270090,AL
270340,AL
270490,AL
270900,AL
270480,AL
270080,AL
270660,AL
270120,AL
270760,AL
270530,AL
270630,AL
270255,AL
270310,AL
270030,AL
270910,AL
270290,AL
270150,AL
270200,AL
270410,AL
270420,AL
270235,AL
270260,AL
270880,AL
270820,AL
270590,AL
270920,AL
270300,AL
270810,AL
270930,AL
270830,AL
270190,AL
270700,AL
270940,AL
270520,AL
270280,AL
270380,AL
270850,AL
270560,AL
270730,AL
270390,AL
270510,AL
270210,AL
270350,AL
270135,AL
270110,AL
270550,AL
270170,AL
270130,AL
270040,AL
270870,AL
270450,AL
270360,AL
270650,AL
270740,AL
270470,AL
270644,AL
270220,AL
270050,AL
270790,AL
270430,AL
270890,AL
270770,AL
270060,AL
270690,AL
270230,AL
270100,AL
270780,AL
270140,AL
270375,AL
270020,AL
270860,AL
270915,AL
270400,AL
270270,AL
270320,AL
270750,AL
270670,AL
270680,AL
280240,SE
280420,SE
280450,SE
280560,SE
280260,SE
280310,SE
280540,SE
280120,SE
280220,SE
280445,SE
280600,SE
280140,SE
280500,SE
280520,SE
280230,SE
280460,SE
280190,SE
280380,SE
280020,SE
280430,SE
280700,SE
280290,SE
280680,SE
280410,SE
280390,SE
280100,SE
280370,SE
280050,SE
280550,SE
280740,SE
280710,SE
280350,SE
280580,SE
280440,SE
280110,SE
280160,SE
280640,SE
280730,SE
280570,SE
280070,SE
280010,SE
280270,SE
280470,SE
280130,SE
280200,SE
280650,SE
280720,SE
280530,SE
280330,SE
280490,SE
280690,SE
280340,SE
280360,SE
280610,SE
280250,SE
280150,SE
280590,SE
280400,SE
280660,SE
280670,SE
280480,SE
280030,SE
280060,SE
280170,SE
280760,SE
280067,SE
280750,SE
280300,SE
280510,SE
280040,SE
280620,SE
280320,SE
280280,SE
280210,SE
280630,SE
290320,BA
292890,BA
290250,BA
291955,BA
290740,BA
291110,BA
292620,BA
290940,BA
292840,BA
290140,BA
293090,BA
290970,BA
290440,BA
293345,BA
292045,BA
293030,BA
292820,BA
290610,BA
290810,BA
291735,BA
292905,BA
292810,BA
290930,BA
290910,BA
290990,BA
292600,BA
293077,BA
290720,BA
290590,BA
292440,BA
291840,BA
293020,BA
292400,BA
290020,BA
292710,BA
291990,BA
290770,BA
291140,BA
291535,BA
290475,BA
291320,BA
290270,BA
292225,BA
293360,BA
292160,BA
291077,BA
290710,BA
290390,BA
293075,BA
293015,BA
292370,BA
292460,BA
290180,BA
293010,BA
290600,BA
290135,BA
291770,BA
291700,BA
291085,BA
293245,BA
290760,BA
291835,BA
291915,BA
291310,BA
290300,BA
293240,BA
292205,BA
290323,BA
290620,BA
290115,BA
290530,BA
291460,BA
291240,BA
292925,BA
292560,BA
291850,BA
291130,BA
293080,BA
291440,BA
292170,BA
292525,BA
292480,BA
292335,BA
290687,BA
292980,BA
292120,BA
292140,BA
293310,BA
292937,BA
292593,BA
291750,BA
290510,BA
290550,BA
293315,BA
293060,BA
290260,BA
291960,BA
292010,BA
293305,BA
292210,BA
293130,BA
291470,BA
292720,BA
291260,BA
291900,BA
291190,BA
290380,BA
292410,BA
293140,BA
291030,BA
291685,BA
292850,BA
291450,BA
292750,BA
292830,BA
290850,BA
290820,BA
290150,BA
291400,BA
292465,BA
292595,BA
292880,BA
290170,BA
293040,BA
291380,BA
291080,BA
292930,BA
290040,BA
292330,BA
293110,BA
290890,BA
292760,BA
293076,BA
290920,BA
291810,BA
292420,BA
293200,BA
293190,BA
292590,BA
290680,BA
290682,BA
291070,BA
292150,BA
292580,BA
292265,BA
291650,BA
290790,BA
290265,BA
292650,BA
292310,BA
292660,BA
292290,BA
291075,BA
290780,BA
290035,BA
292380,BA
290160,BA
291185,BA
292305,BA
292273,BA
292630,BA
291330,BA
291910,BA
290685,BA
290640,BA
292405,BA
291125,BA
292610,BA
292800,BA
290840,BA
292895,BA
293300,BA
293150,BA
290360,BA
293050,BA
290327,BA
290210,BA
290070,BA
290190,BA
290220,BA
292970,BA
291370,BA
290960,BA
290030,BA
290205,BA
292700,BA
290700,BA
291050,BA
291790,BA
291060,BA
290860,BA
292950,BA
292520,BA
293170,BA
292100,BA
291590,BA
290750,BA
290110,BA
292860,BA
292975,BA
291020,BA
292220,BA
292870,BA
293317,BA
292230,BA
292960,BA
290980,BA
292900,BA
292910,BA
290490,BA
291160,BA
290830,BA
290730,BA
290485,BA
290230,BA
292250,BA
292060,BA
292730,BA
291780,BA
291992,BA
292740,BA
291005,BA
290570,BA
291920,BA
290650,BA
293070,BA
292920,BA
291610,BA
293320,BA
290755,BA
290420,BA
293105,BA
291250,BA
291980,BA
290410,BA
290450,BA
292320,BA
291410,BA
292303,BA
291300,BA
290880,BA
290280,BA
291220,BA
292670,BA
290010,BA
291860,BA
290405,BA
291500,BA
290130,BA
292285,BA
293280,BA
293340,BA
292430,BA
290400,BA
292990,BA
292190,BA
291930,BA
292350,BA
291880,BA
291820,BA
292280,BA
292240,BA
292130,BA
290430,BA
293210,BA
290100,BA
292940,BA
291430,BA
290195,BA
291830,BA
291800,BA
292790,BA
291420,BA
291870,BA
290060,BA
291510,BA
292050,BA
292490,BA
291670,BA
291760,BA
290950,BA
291905,BA
291690,BA
292080,BA
291010,BA
292360,BA
292690,BA
290050,BA
291950,BA
290500,BA
290520,BA
292180,BA
292340,BA
292105,BA
292020,BA
291733,BA
291340,BA
291170,BA
293000,BA
291200,BA
291940,BA
291740,BA
293260,BA
290660,BA
291875,BA
292450,BA
292640,BA
293100,BA
291720,BA
292570,BA
290689,BA
291995,BA
290870,BA
292470,BA
293180,BA
290900,BA
292030,BA
290200,BA
290460,BA
292680,BA
291165,BA
291230,BA
290370,BA
290120,BA
292270,BA
290395,BA
290515,BA
290480,BA
293330,BA
292145,BA
292510,BA
290670,BA
291350,BA
290350,BA
292500,BA
290290,BA
292040,BA
291000,BA
291040,BA
292665,BA
291580,BA
291710,BA
291640,BA
291680,BA
292000,BA
292540,BA
291970,BA
291730,BA
290580,BA
293120,BA
290540,BA
292260,BA
291345,BA
293290,BA
292575,BA
292070,BA
292467,BA
292935,BA
291210,BA
293270,BA
290090,BA
291490,BA
290330,BA
290470,BA
291360,BA
291270,BA
290240,BA
291660,BA
291480,BA
293220,BA
291540,BA
292780,BA
291620,BA
291100,BA
291090,BA
291550,BA
290800,BA
290340,BA
291630,BA
291855,BA
290560,BA
292805,BA
293250,BA
290225,BA
290630,BA
292390,BA
292090,BA
293160,BA
291390,BA
291290,BA
291570,BA
291150,BA
293350,BA
291120,BA
291520,BA
292275,BA
290310,BA
293230,BA
291280,BA
293325,BA
291600,BA
291845,BA
292200,BA
291890,BA
290080,BA
292110,BA
292300,BA
291560,BA
292550,BA
290690,BA
293135,BA
291180,BA
292530,BA
291465,BA
292770,BA
291072,BA
291530,BA
310450,MG
314437,MG
310820,MG
312247,MG
310945,MG
312620,MG
310930,MG
317040,MG
317047,MG
313710,MG
313753,MG
315340,MG
313630,MG
316170,MG
314700,MG
317100,MG
310855,MG
312860,MG
317075,MG
314085,MG
314225,MG
313930,MG
310825,MG
316245,MG
313695,MG
313520,MG
311783,MG
313210,MG
314915,MG
314270,MG
316110,MG
313005,MG
315057,MG
311615,MG
317052,MG
315220,MG
314505,MG
313510,MG
315450,MG
313505,MG
316695,MG
314655,MG
314100,MG
313925,MG
311547,MG
314290,MG
312430,MG
312733,MG
315737,MG
310665,MG
314537,MG
315650,MG
316800,MG
315560,MG
312707,MG
312087,MG
315700,MG
314465,MG
316270,MG
317065,MG
313065,MG
316045,MG
314345,MG
312235,MG
310100,MG
313560,MG
313730,MG
313810,MG
315120,MG
312960,MG
315760,MG
310940,MG
317080,MG
316420,MG
315445,MG
312965,MG
313868,MG
314795,MG
311115,MG
311880,MG
311270,MG
316225,MG
312735,MG
313535,MG
313865,MG
314200,MG
310860,MG
311650,MG
316240,MG
313680,MG
317090,MG
316265,MG
312670,MG
314330,MG
317103,MG
315213,MG
317000,MG
310850,MG
312780,MG
312030,MG
313200,MG
313657,MG
314625,MG
312380,MG
310730,MG
314545,MG
312825,MG
312660,MG
315330,MG
312540,MG
312550,MG
312160,MG
312760,MG
316590,MG
312100,MG
312010,MG
311230,MG
310285,MG
316970,MG
313835,MG
311610,MG
317107,MG
310445,MG
313250,MG
314180,MG
311350,MG
310650,MG
313652,MG
313545,MG
312650,MG
314630,MG
311300,MG
314530,MG
315217,MG
317160,MG
310340,MG
313400,MG
311950,MG
313330,MG
314140,MG
311700,MG
314870,MG
310270,MG
314315,MG
310170,MG
313580,MG
310520,MG
314055,MG
316030,MG
312560,MG
314675,MG
313650,MG
315710,MG
313600,MG
315510,MG
315660,MG
315810,MG
313470,MG
312245,MG
313230,MG
312675,MG
313920,MG
315240,MG
313700,MG
314620,MG
310470,MG
316555,MG
314535,MG
316860,MG
314850,MG
312680,MG
311545,MG
314430,MG
316670,MG
311370,MG
315765,MG
312705,MG
313890,MG
310660,MG
310090,MG
312015,MG
317030,MG
311260,MG
315980,MG
312910,MG
313420,MG
310980,MG
313140,MG
311500,MG
310375,MG
314280,MG
311580,MG
317020,MG
311180,MG
315280,MG
316960,MG
310350,MG
313070,MG
312480,MG
312350,MG
313160,MG
312790,MG
310010,MG
315640,MG
314310,MG
314810,MG
311930,MG
312070,MG
316680,MG
315970,MG
311430,MG
310380,MG
313750,MG
315550,MG
314120,MG
316890,MG
314800,MG
316210,MG
312890,MG
315070,MG
312710,MG
311690,MG
315160,MG
313340,MG
312700,MG
317043,MG
313862,MG
316130,MG
313440,MG
311455,MG
311110,MG
317110,MG
312125,MG
311820,MG
311140,MG
311730,MG
310070,MG
317010,MG
315690,MG
314500,MG
315770,MG
312950,MG
315300,MG
310400,MG
314980,MG
311150,MG
316810,MG
314920,MG
316935,MG
315200,MG
311560,MG
314640,MG
310700,MG
310020,MG
314350,MG
312570,MG
310480,MG
314250,MG
311910,MG
316060,MG
314360,MG
313110,MG
315320,MG
310920,MG
312090,MG
313640,MG
313830,MG
310390,MG
313530,MG
313720,MG
310740,MG
315370,MG
316660,MG
312320,MG
313880,MG
314240,MG
314050,MG
312470,MG
313460,MG
310320,MG
314110,MG
311250,MG
315900,MG
310960,MG
312720,MG
316720,MG
312640,MG
313570,MG
315850,MG
310500,MG
311890,MG
314740,MG
313100,MG
310990,MG
315360,MG
314960,MG
313970,MG
314690,MG
311750,MG
314370,MG
311810,MG
313280,MG
316050,MG
314750,MG
316480,MG
310240,MG
316650,MG
316710,MG
316020,MG
312260,MG
315600,MG
312600,MG
315140,MG
316310,MG
314580,MG
314710,MG
315780,MG
315390,MG
313760,MG
316292,MG
310620,MG
314015,MG
316553,MG
315460,MG
314480,MG
312980,MG
311000,MG
312410,MG
314930,MG
316295,MG
311860,MG
313010,MG
317120,MG
313665,MG
315480,MG
310670,MG
311787,MG
314070,MG
315670,MG
310900,MG
313660,MG
316830,MG
311535,MG
315720,MG
310540,MG
315800,MG
313170,MG
312590,MG
310770,MG
316340,MG
312180,MG
310600,MG
316190,MG
314470,MG
315570,MG
316100,MG
313620,MG
310230,MG
314230,MG
310640,MG
313540,MG
313370,MG
315530,MG
313220,MG
312060,MG
310810,MG
315040,MG
314000,MG
313190,MG
314610,MG
312170,MG
311800,MG
313390,MG
311490,MG
316090,MG
315380,MG
312140,MG
314590,MG
311830,MG
311540,MG
312040,MG
312390,MG
315910,MG
311380,MG
312750,MG
316550,MG
315750,MG
314840,MG
317180,MG
311680,MG
314060,MG
316280,MG
316610,MG
312800,MG
315680,MG
312310,MG
312220,MG
310880,MG
310060,MG
316450,MG
316350,MG
313655,MG
311205,MG
314860,MG
316410,MG
312695,MG
315820,MG
314490,MG
315000,MG
311080,MG
316330,MG
313270,MG
316950,MG
312730,MG
316160,MG
316770,MG
310180,MG
313507,MG
312210,MG
312770,MG
317150,MG
311265,MG
312690,MG
317190,MG
312370,MG
311920,MG
314010,MG
316165,MG
316300,MG
313320,MG
314420,MG
312580,MG
314467,MG
314150,MG
316257,MG
313960,MG
313180,MG
311570,MG
316105,MG
314435,MG
314170,MG
315895,MG
313500,MG
316870,MG
310300,MG
310630,MG
314995,MG
310050,MG
311940,MG
313610,MG
313130,MG
314030,MG
316840,MG
313115,MG
312930,MG
316260,MG
312250,MG
310925,MG
315053,MG
313090,MG
315725,MG
315015,MG
317057,MG
310780,MG
316095,MG
312385,MG
312000,MG
311340,MG
317005,MG
315935,MG
316447,MG
313055,MG
311840,MG
312737,MG
313410,MG
312083,MG
315950,MG
310110,MG
315430,MG
310220,MG
314400,MG
313120,MG
315190,MG
316805,MG
311740,MG
312340,MG
317060,MG
316430,MG
315150,MG
314130,MG
313030,MG
310510,MG
316820,MG
311980,MG
311660,MG
316460,MG
313380,MG
311760,MG
314520,MG
316180,MG
312230,MG
316040,MG
314970,MG
311420,MG
313020,MG
314890,MG
311040,MG
313350,MG
314650,MG
312610,MG
315050,MG
311995,MG
310420,MG
314990,MG
311190,MG
311200,MG
311120,MG
312020,MG
310080,MG
315880,MG
315990,MG
310800,MG
313000,MG
311400,MG
316120,MG
315060,MG
314560,MG
314770,MG
311450,MG
314790,MG
315290,MG
313375,MG
311510,MG
311640,MG
310760,MG
316220,MG
316294,MG
312630,MG
312970,MG
311240,MG
312120,MG
310190,MG
311280,MG
312870,MG
316390,MG
314410,MG
314510,MG
312830,MG
310410,MG
313690,MG
314300,MG
310950,MG
316510,MG
316470,MG
313290,MG
314320,MG
313480,MG
311440,MG
313900,MG
312520,MG
310160,MG
311470,MG
310430,MG
316690,MG
315170,MG
310200,MG
312240,MG
311710,MG
314720,MG
312360,MG
314260,MG
317070,MG
312810,MG
311130,MG
311160,MG
311390,MG
316520,MG
311090,MG
316930,MG
316080,MG
310710,MG
311870,MG
315830,MG
316940,MG
313050,MG
313490,MG
314600,MG
313060,MG
310140,MG
314340,MG
312990,MG
311030,MG
310530,MG
311100,MG
315920,MG
315180,MG
310260,MG
310840,MG
316910,MG
311060,MG
310830,MG
313360,MG
314380,MG
311050,MG
312450,MG
316557,MG
316905,MG
312440,MG
313150,MG
312510,MG
315250,MG
310910,MG
310790,MG
311790,MG
311990,MG
316580,MG
316540,MG
312740,MG
311900,MG
316200,MG
316740,MG
316980,MG
310970,MG
314440,MG
311780,MG
316230,MG
311360,MG
316440,MG
315960,MG
312920,MG
314910,MG
311720,MG
316320,MG
311070,MG
313590,MG
316490,MG
315260,MG
313780,MG
316370,MG
314550,MG
316780,MG
311410,MG
314760,MG
311770,MG
310130,MG
313300,MG
313310,MG
311550,MG
310490,MG
313850,MG
310280,MG
310360,MG
310750,MG
310720,MG
314780,MG
316530,MG
311480,MG
316640,MG
310120,MG
316700,MG
314190,MG
312080,MG
311850,MG
317220,MG
315090,MG
313990,MG
315100,MG
313240,MG
312110,MG
314040,MG
314730,MG
310890,MG
317170,MG
312050,MG
312280,MG
311460,MG
313870,MG
313080,MG
313450,MG
315470,MG
313430,MG
313820,MG
314460,MG
313040,MG
312300,MG
315870,MG
311970,MG
315733,MG
316250,MG
315610,MG
315270,MG
313910,MG
316880,MG
311520,MG
313740,MG
315420,MG
314450,MG
316500,MG
315030,MG
316620,MG
310163,MG
310290,MG
312150,MG
315730,MG
310560,MG
312940,MG
310590,MG
315440,MG
311310,MG
311320,MG
311220,MG
315400,MG
317115,MG
315210,MG
315490,MG
312270,MG
316630,MG
316556,MG
314585,MG
310570,MG
310040,MG
312820,MG
316400,MG
315020,MG
316010,MG
315740,MG
315500,MG
313550,MG
317050,MG
315350,MG
310205,MG
310030,MG
312352,MG
314053,MG
313867,MG
311210,MG
315415,MG
313940,MG
313770,MG
311600,MG
315790,MG
316760,MG
314090,MG
316360,MG
311290,MG
315890,MG
316255,MG
313950,MG
314875,MG
310870,MG
310250,MG
311670,MG
312400,MG
315230,MG
315310,MG
317130,MG
316380,MG
311020,MG
316850,MG
311170,MG
314880,MG
314830,MG
310370,MG
310210,MG
311630,MG
315080,MG
315520,MG
316600,MG
313790,MG
314820,MG
312490,MG
312595,MG
315645,MG
310550,MG
310310,MG
314220,MG
317140,MG
314210,MG
316443,MG
314390,MG
316140,MG
314587,MG
314900,MG
312200,MG
312420,MG
312530,MG
316920,MG
311330,MG
311010,MG
315130,MG
312330,MG
315630,MG
312840,MG
315580,MG
316150,MG
316570,MG
316990,MG
312190,MG
312880,MG
312900,MG
316900,MG
317200,MG
316730,MG
316790,MG
314160,MG
310460,MG
314540,MG
315010,MG
314660,MG
310610,MG
315540,MG
311590,MG
311620,MG
310330,MG
313670,MG
314940,MG
312500,MG
312738,MG
316750,MG
311960,MG
310680,MG
315727,MG
315930,MG
314080,MG
314570,MG
315590,MG
313860,MG
315860,MG
316070,MG
313980,MG
312850,MG
314020,MG
315620,MG
312130,MG
310690,MG
316290,MG
314950,MG
316560,MG
315940,MG
313840,MG
315410,MG
314670,MG
312290,MG
313260,MG
311530,MG
313800,MG
315840,MG
310440,MG
317210,MG
312460,MG
316000,MG
315110,MG
310150,MG
320330,ES
320210,ES
320090,ES
320016,ES
320100,ES
320470,ES
320013,ES
320517,ES
320390,ES
320515,ES
320400,ES
320035,ES
320150,ES
320080,ES
320225,ES
320335,ES
320465,ES
320425,ES
320410,ES
320360,ES
320350,ES
320490,ES
320405,ES
320160,ES
320305,ES
320220,ES
320320,ES
320435,ES
320313,ES
320501,ES
320060,ES
320250,ES
320010,ES
320170,ES
320316,ES
320190,ES
320334,ES
320506,ES
320115,ES
320290,ES
320460,ES
320455,ES
320450,ES
320495,ES
320270,ES
320530,ES
320520,ES
320510,ES
320500,ES
320130,ES
320030,ES
320240,ES
320040,ES
320420,ES
320260,ES
320440,ES
320300,ES
320265,ES
320020,ES
320200,ES
320230,ES
320255,ES
320245,ES
320370,ES
320180,ES
320380,ES
320503,ES
320310,ES
320070,ES
320140,ES
320120,ES
320340,ES
320480,ES
320110,ES
320050,ES
320430,ES
320280,ES
320332,ES
330205,RJ
330615,RJ
330060,RJ
330310,RJ
330220,RJ
330410,RJ
330230,RJ
330513,RJ
330015,RJ
330090,RJ
330470,RJ
330210,RJ
330300,RJ
330115,RJ
330500,RJ
330475,RJ
330480,RJ
330100,RJ
330140,RJ
330240,RJ
330415,RJ
330093,RJ
330022,RJ
330600,RJ
330095,RJ
330370,RJ
330540,RJ
330150,RJ
330120,RJ
330110,RJ
330245,RJ
330160,RJ
330340,RJ
330570,RJ
330050,RJ
330590,RJ
330530,RJ
330460,RJ
330560,RJ
330130,RJ
330452,RJ
330550,RJ
330520,RJ
330187,RJ
330025,RJ
330023,RJ
330020,RJ
330070,RJ
330440,RJ
330630,RJ
330040,RJ
330400,RJ
330395,RJ
330225,RJ
330412,RJ
330420,RJ
330411,RJ
330030,RJ
330450,RJ
330610,RJ
330380,RJ
330010,RJ
330360,RJ
330180,RJ
330280,RJ
330385,RJ
330290,RJ
330620,RJ
330515,RJ
330390,RJ
330580,RJ
330430,RJ
330080,RJ
330260,RJ
330200,RJ
330555,RJ
330320,RJ
330045,RJ
330185,RJ
330510,RJ
330414,RJ
330350,RJ
330330,RJ
330575,RJ
330285,RJ
330227,RJ
330170,RJ
330250,RJ
330190,RJ
330455,RJ
330270,RJ
330490,RJ
353520,SP
354765,SP
352910,SP
350395,SP
351385,SP
354570,SP
355580,SP
355695,SP
350260,SP
352480,SP
352965,SP
354040,SP
354900,SP
353590,SP
354025,SP
351420,SP
354720,SP
355490,SP
353284,SP
354740,SP
354610,SP
354660,SP
354450,SP
355530,SP
352070,SP
353690,SP
353475,SP
353000,SP
351520,SP
352820,SP
352960,SP
351550,SP
354920,SP
351800,SP
353625,SP
350180,SP
355710,SP
351070,SP
351290,SP
355610,SP
354030,SP
350120,SP
354420,SP
355715,SP
353040,SP
351130,SP
350480,SP
353660,SP
353300,SP
353280,SP
354080,SP
355535,SP
353400,SP
351980,SP
352115,SP
352450,SP
353030,SP
353420,SP
350020,SP
350090,SP
352570,SP
355340,SP
350460,SP
352950,SP
354980,SP
351750,SP
353960,SP
351940,SP
353500,SP
355560,SP
353390,SP
351790,SP
350370,SP
351110,SP
355260,SP
351495,SP
351492,SP
353810,SP
353570,SP
353325,SP
351120,SP
354560,SP
353510,SP
355190,SP
350930,SP
350420,SP
352830,SP
353286,SP
351680,SP
351690,SP
351890,SP
353330,SP
351590,SP
354925,SP
353100,SP
352810,SP
353270,SP
353140,SP
353990,SP
355570,SP
353250,SP
355130,SP
353260,SP
354480,SP
352150,SP
353350,SP
355600,SP
352885,SP
352190,SP
351210,SP
350550,SP
351200,SP
351740,SP
352420,SP
352130,SP
353360,SP
354490,SP
353430,SP
353190,SP
354940,SP
352970,SP
350300,SP
352410,SP
351770,SP
352010,SP
350820,SP
354310,SP
353700,SP
351320,SP
354270,SP
351620,SP
354950,SP
352370,SP
352540,SP
353630,SP
354360,SP
351560,SP
353900,SP
355690,SP
352430,SP
353950,SP
351860,SP
354650,SP
353130,SP
355680,SP
353150,SP
350610,SP
355320,SP
355310,SP
355440,SP
355365,SP
355370,SP
351010,SP
355090,SP
355140,SP
354340,SP
351460,SP
351310,SP
352510,SP
355150,SP
354760,SP
350780,SP
352760,SP
355170,SP
354090,SP
354020,SP
350560,SP
351885,SP
354750,SP
350940,SP
354790,SP
350100,SP
350590,SP
351090,SP
354625,SP
353210,SP
352300,SP
350210,SP
351780,SP
351100,SP
352044,SP
353740,SP
353010,SP
355230,SP
353320,SP
355255,SP
350280,SP
355630,SP
354805,SP
351820,SP
354440,SP
350620,SP
352650,SP
350440,SP
350775,SP
354840,SP
352725,SP
351650,SP
353770,SP
350510,SP
351250,SP
350650,SP
353730,SP
352770,SP
351190,SP
350810,SP
350110,SP
350640,SP
350770,SP
355520,SP
351710,SP
351720,SP
354160,SP
352710,SP
354460,SP
350880,SP
351700,SP
351730,SP
352580,SP
355550,SP
350430,SP
350340,SP
351450,SP
350745,SP
352750,SP
351910,SP
354250,SP
350070,SP
353940,SP
354110,SP
352680,SP
350600,SP
353657,SP
350470,SP
350830,SP
353890,SP
350360,SP
354010,SP
355590,SP
351810,SP
353670,SP
352800,SP
350680,SP
350520,SP
351410,SP
352200,SP
352980,SP
350530,SP
352290,SP
350730,SP
352000,SP
352530,SP
351140,SP
351925,SP
350310,SP
350450,SP
350055,SP
352180,SP
353580,SP
352350,SP
350230,SP
350750,SP
353610,SP
355010,SP
350690,SP
354105,SP
351230,SP
355475,SP
352930,SP
355270,SP
350670,SP
351400,SP
353290,SP
353205,SP
354690,SP
350170,SP
351685,SP
351960,SP
352270,SP
350320,SP
354370,SP
350740,SP
354290,SP
351930,SP
351370,SP
351430,SP
354890,SP
350200,SP
355470,SP
350790,SP
352360,SP
351270,SP
352110,SP
354390,SP
351240,SP
352140,SP
352690,SP
352670,SP
354620,SP
351220,SP
350330,SP
354670,SP
355450,SP
352585,SP
351040,SP
351170,SP
350060,SP
355040,SP
353870,SP
354400,SP
354515,SP
353090,SP
354210,SP
354700,SP
353930,SP
354070,SP
350030,SP
354630,SP
354910,SP
351080,SP
350040,SP
351518,SP
354810,SP
355640,SP
355330,SP
353050,SP
354970,SP
355360,SP
351390,SP
350870,SP
355080,SP
352380,SP
350380,SP
354800,SP
351515,SP
355730,SP
353070,SP
353080,SP
352260,SP
352050,SP
351280,SP
352470,SP
351905,SP
355670,SP
354580,SP
350950,SP
353710,SP
355620,SP
353180,SP
350160,SP
351490,SP
351907,SP
353340,SP
353650,SP
355240,SP
355210,SP
353680,SP
353820,SP
353120,SP
350050,SP
350190,SP
355160,SP
352700,SP
353160,SP
355510,SP
354930,SP
353640,SP
353540,SP
352600,SP
351440,SP
353310,SP
353480,SP
354710,SP
353600,SP
354380,SP
354510,SP
352080,SP
354470,SP
352740,SP
353490,SP
354085,SP
352890,SP
351600,SP
350010,SP
353460,SP
351580,SP
352160,SP
353020,SP
354550,SP
353920,SP
354220,SP
353220,SP
354120,SP
354425,SP
350240,SP
355290,SP
350890,SP
354830,SP
352920,SP
355390,SP
354323,SP
351535,SP
351512,SP
354140,SP
350080,SP
351530,SP
352560,SP
350130,SP
352060,SP
354240,SP
355430,SP
354770,SP
354150,SP
352870,SP
354130,SP
350910,SP
353830,SP
354200,SP
355500,SP
350335,SP
351920,SP
354180,SP
350580,SP
351900,SP
353410,SP
351565,SP
353370,SP
352780,SP
353450,SP
351660,SP
350140,SP
351670,SP
354000,SP
350150,SP
352900,SP
351470,SP
355660,SP
350980,SP
351000,SP
353550,SP
355395,SP
351610,SP
350720,SP
353970,SP
350400,SP
351330,SP
352880,SP
352790,SP
353715,SP
353530,SP
351950,SP
353215,SP
354170,SP
351990,SP
355300,SP
352860,SP
353380,SP
350630,SP
354640,SP
355720,SP
354320,SP
353470,SP
355050,SP
351015,SP
352090,SP
354540,SP
351519,SP
355120,SP
355420,SP
351540,SP
353880,SP
355460,SP
350800,SP
354350,SP
350715,SP
352320,SP
352240,SP
352280,SP
350500,SP
352170,SP
353282,SP
355385,SP
351260,SP
355380,SP
350075,SP
350945,SP
351850,SP
350220,SP
352230,SP
350700,SP
351150,SP
355465,SP
354165,SP
355400,SP
354050,SP
351160,SP
353750,SP
352640,SP
354280,SP
351020,SP
354300,SP
354325,SP
350535,SP
350270,SP
352265,SP
351760,SP
352215,SP
352120,SP
353780,SP
355350,SP
351970,SP
353790,SP
355020,SP
351030,SP
355060,SP
355110,SP
350290,SP
355220,SP
352840,SP
354530,SP
352100,SP
352390,SP
355700,SP
354520,SP
350275,SP
350115,SP
354060,SP
350840,SP
350960,SP
352590,SP
355650,SP
352400,SP
352730,SP
352520,SP
353200,SP
352340,SP
350710,SP
355635,SP
352550,SP
353240,SP
355495,SP
353860,SP
350410,SP
350760,SP
353170,SP
354820,SP
354860,SP
350970,SP
354990,SP
352020,SP
352440,SP
350850,SP
354600,SP
355410,SP
355480,SP
353800,SP
350250,SP
354430,SP
350995,SP
354075,SP
353850,SP
351840,SP
352720,SP
351340,SP
354190,SP
350860,SP
352660,SP
350315,SP
355200,SP
350490,SP
354960,SP
350350,SP
352490,SP
353560,SP
355000,SP
352630,SP
353230,SP
354230,SP
351360,SP
352040,SP
355540,SP
351050,SP
355070,SP
352610,SP
352460,SP
352990,SP
350925,SP
355180,SP
352042,SP
351480,SP
354260,SP
353620,SP
350540,SP
352030,SP
350990,SP
352330,SP
353720,SP
352210,SP
353760,SP
353110,SP
352250,SP
350920,SP
351060,SP
353910,SP
354730,SP
350570,SP
352500,SP
353440,SP
352850,SP
351630,SP
351640,SP
350900,SP
351880,SP
354680,SP
350390,SP
355280,SP
352620,SP
355645,SP
354995,SP
351300,SP
351510,SP
352220,SP
351500,SP
355030,SP
351380,SP
354410,SP
354880,SP
354780,SP
354870,SP
354330,SP
352940,SP
351830,SP
350660,SP
352310,SP
354500,SP
353060,SP
355250,SP
351570,SP
353980,SP
355100,SP
354100,SP
351870,SP
350635,SP
354850,SP
351350,SP
410090,PR
411650,PR
412420,PR
412460,PR
411840,PR
410890,PR
411710,PR
412730,PR
411800,PR
412490,PR
411130,PR
412670,PR
410710,PR
411590,PR
410060,PR
411970,PR
411500,PR
410670,PR
411260,PR
411810,PR
411030,PR
411830,PR
412370,PR
412020,PR
412590,PR
412100,PR
412330,PR
411350,PR
412395,PR
410070,PR
410660,PR
412810,PR
410990,PR
412690,PR
412535,PR
410347,PR
411470,PR
411155,PR
412862,PR
412880,PR
410050,PR
410337,PR
411060,PR
411885,PR
410752,PR
411720,PR
410832,PR
411890,PR
411510,PR
410725,PR
410560,PR
412680,PR
411300,PR
410550,PR
411240,PR
412610,PR
412790,PR
412555,PR
410910,PR
412260,PR
411040,PR
411295,PR
411680,PR
411220,PR
412135,PR
410390,PR
410300,PR
410860,PR
412065,PR
412800,PR
410045,PR
411610,PR
411080,PR
410770,PR
412110,PR
412250,PR
411373,PR
410750,PR
411880,PR
410250,PR
411400,PR
410430,PR
410170,PR
410655,PR
410755,PR
412720,PR
410810,PR
410220,PR
412040,PR
411000,PR
412830,PR
411410,PR
411630,PR
410115,PR
410210,PR
412340,PR
411690,PR
412360,PR
411640,PR
410590,PR
412450,PR
411360,PR
411090,PR
410920,PR
411190,PR
410340,PR
411380,PR
410510,PR
410080,PR
410280,PR
410800,PR
412050,PR
412650,PR
411600,PR
412000,PR
412033,PR
411740,PR
412530,PR
411110,PR
410730,PR
411160,PR
410790,PR
410780,PR
411420,PR
411750,PR
412625,PR
411480,PR
411520,PR
410150,PR
412270,PR
411575,PR
410350,PR
410140,PR
411210,PR
411490,PR
410380,PR
411729,PR
410370,PR
412667,PR
412240,PR
410980,PR
411965,PR
411370,PR
411550,PR
410320,PR
411310,PR
410330,PR
412210,PR
410760,PR
410685,PR
411727,PR
412580,PR
411450,PR
412500,PR
411150,PR
410855,PR
412265,PR
410185,PR
411342,PR
411250,PR
410870,PR
410440,PR
411375,PR
412217,PR
410165,PR
410190,PR
411270,PR
412130,PR
411721,PR
412840,PR
412600,PR
412470,PR
412320,PR
410110,PR
410010,PR
412190,PR
412430,PR
411660,PR
410640,PR
412640,PR
410240,PR
411100,PR
412390,PR
411700,PR
411340,PR
410600,PR
412310,PR
412180,PR
410270,PR
410360,PR
412410,PR
411180,PR
411290,PR
412620,PR
410610,PR
411230,PR
411920,PR
411170,PR
410970,PR
410775,PR
410700,PR
410470,PR
412850,PR
411280,PR
412070,PR
412540,PR
412660,PR
410900,PR
412400,PR
412290,PR
412780,PR
412853,PR
412170,PR
411007,PR
412710,PR
411730,PR
412750,PR
412630,PR
411200,PR
411940,PR
410160,PR
411770,PR
411990,PR
410465,PR
410490,PR
410715,PR
412795,PR
411275,PR
411790,PR
411535,PR
412740,PR
412350,PR
412545,PR
410880,PR
410820,PR
411745,PR
410200,PR
411065,PR
412770,PR
412575,PR
410753,PR
411722,PR
411585,PR
412085,PR
411845,PR
411460,PR
410305,PR
410460,PR
410630,PR
411005,PR
410335,PR
412785,PR
412382,PR
410975,PR
410500,PR
411670,PR
411345,PR
410105,PR
410345,PR
410405,PR
412402,PR
410930,PR
410712,PR
410480,PR
410530,PR
411560,PR
412855,PR
412125,PR
412570,PR
411095,PR
412405,PR
412635,PR
410830,PR
411580,PR
411605,PR
410275,PR
410450,PR
411980,PR
412035,PR
412380,PR
412140,PR
411900,PR
410100,PR
411540,PR
410740,PR
411435,PR
412280,PR
412860,PR
412440,PR
412160,PR
410260,PR
411695,PR
410840,PR
410315,PR
410785,PR
411925,PR
412300,PR
410302,PR
412520,PR
411725,PR
410657,PR
410720,PR
410650,PR
412665,PR
410322,PR
412870,PR
411530,PR
411850,PR
411120,PR
412627,PR
412480,PR
410540,PR
411325,PR
410304,PR
411780,PR
411960,PR
412385,PR
411573,PR
410940,PR
410442,PR
410845,PR
412796,PR
411930,PR
411020,PR
410395,PR
412175,PR
410865,PR
410445,PR
412865,PR
411705,PR
411545,PR
412015,PR
411330,PR
410754,PR
412215,PR
412090,PR
410965,PR
411760,PR
410645,PR
410570,PR
411440,PR
412060,PR
410895,PR
411140,PR
411050,PR
412700,PR
410773,PR
411010,PR
412200,PR
411390,PR
412150,PR
411070,PR
410680,PR
410290,PR
411870,PR
412030,PR
411860,PR
412820,PR
410850,PR
412560,PR
410130,PR
412510,PR
410520,PR
410020,PR
412863,PR
411320,PR
412010,PR
410765,PR
410425,PR
410400,PR
412080,PR
410620,PR
410580,PR
410230,PR
411950,PR
411125,PR
410310,PR
410040,PR
410180,PR
412788,PR
410690,PR
411430,PR
411915,PR
412220,PR
410420,PR
412550,PR
410950,PR
411820,PR
410120,PR
410960,PR
411620,PR
411570,PR
411995,PR
412120,PR
412230,PR
410030,PR
410410,PR
411910,PR
412760,PR
421507,SC
421100,SC
421223,SC
420660,SC
421720,SC
420500,SC
421200,SC
421555,SC
420640,SC
421670,SC
421625,SC
420840,SC
420765,SC
421415,SC
421520,SC
420080,SC
421875,SC
420208,SC
420215,SC
420209,SC
420490,SC
420410,SC
420543,SC
421420,SC
421315,SC
420440,SC
421090,SC
421210,SC
420435,SC
421569,SC
420055,SC
420895,SC
421885,SC
420310,SC
420665,SC
421730,SC
421145,SC
421775,SC
420420,SC
421140,SC
421290,SC
421755,SC
420050,SC
420475,SC
421600,SC
420785,SC
420535,SC
421535,SC
421715,SC
421795,SC
420257,SC
421568,SC
420470,SC
421050,SC
420775,SC
421690,SC
420350,SC
421575,SC
421165,SC
421970,SC
420945,SC
421055,SC
421227,SC
421610,SC
421340,SC
421910,SC
420010,SC
420530,SC
421950,SC
421185,SC
420253,SC
420768,SC
420517,SC
420445,SC
420560,SC
420917,SC
420040,SC
420520,SC
420860,SC
421850,SC
420920,SC
420900,SC
421180,SC
420400,SC
420670,SC
421917,SC
420680,SC
420390,SC
421003,SC
420315,SC
420300,SC
421070,SC
420970,SC
421005,SC
421930,SC
420550,SC
420160,SC
421790,SC
421540,SC
421300,SC
421440,SC
420757,SC
420675,SC
421187,SC
420165,SC
420075,SC
420800,SC
420760,SC
421310,SC
421260,SC
420985,SC
420780,SC
420770,SC
420127,SC
421750,SC
420430,SC
421390,SC
421960,SC
421825,SC
421220,SC
421030,SC
420213,SC
421110,SC
420810,SC
421360,SC
421010,SC
420380,SC
420790,SC
421830,SC
421567,SC
421580,SC
420330,SC
421500,SC
421060,SC
420580,SC
420845,SC
421740,SC
421620,SC
420205,SC
420130,SC
420890,SC
420910,SC
420650,SC
420450,SC
421330,SC
420287,SC
421550,SC
421335,SC
421605,SC
420480,SC
420555,SC
420360,SC
421985,SC
421915,SC
420005,SC
421105,SC
421895,SC
421890,SC
420243,SC
420417,SC
420100,SC
421189,SC
421680,SC
421650,SC
420455,SC
420930,SC
420250,SC
420260,SC
421505,SC
420340,SC
421175,SC
420325,SC
421205,SC
420415,SC
421085,SC
420190,SC
421460,SC
421860,SC
421450,SC
421530,SC
420990,SC
421480,SC
420030,SC
421410,SC
420950,SC
421780,SC
421370,SC
420285,SC
421940,SC
420510,SC
421400,SC
421935,SC
420915,SC
420690,SC
420170,SC
420750,SC
421470,SC
421820,SC
420125,SC
421510,SC
420240,SC
420220,SC
421320,SC
420590,SC
420515,SC
421000,SC
420630,SC
420270,SC
420290,SC
421635,SC
420710,SC
420245,SC
420210,SC
421280,SC
420320,SC
420200,SC
420820,SC
421250,SC
420830,SC
421350,SC
421130,SC
420180,SC
420020,SC
420740,SC
421920,SC
420850,SC
420419,SC
421270,SC
420090,SC
421800,SC
421150,SC
421630,SC
420370,SC
421020,SC
420980,SC
420540,SC
421230,SC
420120,SC
421660,SC
421570,SC
420600,SC
420230,SC
421725,SC
421190,SC
421430,SC
420070,SC
420060,SC
421590,SC
420110,SC
420570,SC
420730,SC
421170,SC
420880,SC
420610,SC
421265,SC
421710,SC
420395,SC
421545,SC
421700,SC
420620,SC
421560,SC
421240,SC
421840,SC
420720,SC
421490,SC
420940,SC
420150,SC
421870,SC
420280,SC
420425,SC
422000,SC
420460,SC
420700,SC
421900,SC
421835,SC
420545,SC
421160,SC
420960,SC
421120,SC
421760,SC
421125,SC
421225,SC
421380,SC
421640,SC
421810,SC
420195,SC
420870,SC
421080,SC
421040,SC
421565,SC
421880,SC
420519,SC
420140,SC
421770,SC
420207,SC
432230,RS
431790,RS
431720,RS
430030,RS
431342,RS
432210,RS
430430,RS
431505,RS
431507,RS
431500,RS
431040,RS
431849,RS
432180,RS
432140,RS
432190,RS
430400,RS
430970,RS
430185,RS
431910,RS
430632,RS
432370,RS
431540,RS
430237,RS
431230,RS
430745,RS
432147,RS
430260,RS
432023,RS
430600,RS
430960,RS
430673,RS
431301,RS
430220,RS
432185,RS
430692,RS
431346,RS
430580,RS
431620,RS
430730,RS
432350,RS
431449,RS
431380,RS
431160,RS
430064,RS
431344,RS
432310,RS
430607,RS
431050,RS
432020,RS
432132,RS
430850,RS
430340,RS
431590,RS
430642,RS
431270,RS
431555,RS
432195,RS
431470,RS
430912,RS
430050,RS
430155,RS
431046,RS
430700,RS
431070,RS
430090,RS
430825,RS
430870,RS
430755,RS
430890,RS
430697,RS
430205,RS
431531,RS
430613,RS
430485,RS
430805,RS
430170,RS
431200,RS
430511,RS
431970,RS
432060,RS
432290,RS
430380,RS
431413,RS
432163,RS
431190,RS
431478,RS
431090,RS
430720,RS
430695,RS
430192,RS
430980,RS
431360,RS
431842,RS
431795,RS
431660,RS
431220,RS
430320,RS
430180,RS
431170,RS
431860,RS
432218,RS
430370,RS
430950,RS
432057,RS
430330,RS
431630,RS
431217,RS
431937,RS
431510,RS
430520,RS
431647,RS
431930,RS
430500,RS
432032,RS
430900,RS
431915,RS
430783,RS
432375,RS
431750,RS
430693,RS
431890,RS
431920,RS
431770,RS
431595,RS
430635,RS
430250,RS
431455,RS
432234,RS
430587,RS
430150,RS
431780,RS
430258,RS
431390,RS
430020,RS
430570,RS
431973,RS
430590,RS
430540,RS
431333,RS
431041,RS
431430,RS
431020,RS
430045,RS
430195,RS
430585,RS
431775,RS
431295,RS
430047,RS
432010,RS
430470,RS
430530,RS
430215,RS
431085,RS
431445,RS
431845,RS
431370,RS
430515,RS
431349,RS
431142,RS
431642,RS
431936,RS
430705,RS
431477,RS
432050,RS
431610,RS
431213,RS
430597,RS
431410,RS
431267,RS
431262,RS
431805,RS
430885,RS
431755,RS
432255,RS
432340,RS
430630,RS
430490,RS
430355,RS
430550,RS
431180,RS
430005,RS
432335,RS
432090,RS
430537,RS
431673,RS
430495,RS
430990,RS
431115,RS
430055,RS
430410,RS
430750,RS
430610,RS
430845,RS
430223,RS
430222,RS
431670,RS
431645,RS
431535,RS
431087,RS
431000,RS
431643,RS
432146,RS
431127,RS
432320,RS
432100,RS
432030,RS
431265,RS
430560,RS
432080,RS
430830,RS
431242,RS
430995,RS
431846,RS
430200,RS
432215,RS
431125,RS
431275,RS
430140,RS
431057,RS
431971,RS
432040,RS
431235,RS
431517,RS
431400,RS
431280,RS
431844,RS
430066,RS
430645,RS
432235,RS
431330,RS
432360,RS
430940,RS
431290,RS
430925,RS
431520,RS
431030,RS
430070,RS
431130,RS
430462,RS
430360,RS
431820,RS
430367,RS
431043,RS
431112,RS
431446,RS
430230,RS
430740,RS
431237,RS
431261,RS
432250,RS
431862,RS
431900,RS
430510,RS
431308,RS
431335,RS
430080,RS
430790,RS
430820,RS
430786,RS
431725,RS
430210,RS
432330,RS
432280,RS
430480,RS
431238,RS
431454,RS
430593,RS
430860,RS
430595,RS
430225,RS
431120,RS
431532,RS
431113,RS
431447,RS
431740,RS
432237,RS
430465,RS
431055,RS
432220,RS
431210,RS
431053,RS
431690,RS
430290,RS
431980,RS
430637,RS
431912,RS
431940,RS
431110,RS
432149,RS
431960,RS
432345,RS
431303,RS
432065,RS
430840,RS
431310,RS
431075,RS
430670,RS
431550,RS
431843,RS
430800,RS
430010,RS
432253,RS
430420,RS
431215,RS
432067,RS
432260,RS
430957,RS
431680,RS
430915,RS
432270,RS
430120,RS
431123,RS
432026,RS
430781,RS
432070,RS
431406,RS
430975,RS
430245,RS
430620,RS
432145,RS
432377,RS
432045,RS
430469,RS
430240,RS
431515,RS
430583,RS
430461,RS
430807,RS
430558,RS
431140,RS
431513,RS
431675,RS
431205,RS
432130,RS
432162,RS
432085,RS
430100,RS
431036,RS
430780,RS
430843,RS
431415,RS
431260,RS
431300,RS
431545,RS
431580,RS
432285,RS
430675,RS
430680,RS
430300,RS
430513,RS
431402,RS
431339,RS
431395,RS
431570,RS
431407,RS
430468,RS
430955,RS
431950,RS
432225,RS
430235,RS
431480,RS
431848,RS
431164,RS
431975,RS
431935,RS
431861,RS
431240,RS
431403,RS
431179,RS
430265,RS
431650,RS
430057,RS
432254,RS
430810,RS
430165,RS
431475,RS
431247,RS
431514,RS
431695,RS
430640,RS
431080,RS
431162,RS
432120,RS
431575,RS
432170,RS
431010,RS
431600,RS
430440,RS
431320,RS
431442,RS
430910,RS
430110,RS
430175,RS
430270,RS
430535,RS
431840,RS
430880,RS
431225,RS
432200,RS
432252,RS
431337,RS
430905,RS
432300,RS
430930,RS
430920,RS
430676,RS
430310,RS
431198,RS
430060,RS
430770,RS
432055,RS
431490,RS
430460,RS
432000,RS
430087,RS
430760,RS
431990,RS
431340,RS
431870,RS
430390,RS
431306,RS
431405,RS
432135,RS
431760,RS
431365,RS
431250,RS
430471,RS
430467,RS
431350,RS
430163,RS
430545,RS
430463,RS
432143,RS
432380,RS
431065,RS
432160,RS
431033,RS
431177,RS
432183,RS
430105,RS
431173,RS
432150,RS
431244,RS
430655,RS
432166,RS
430190,RS
432110,RS
432035,RS
430650,RS
430085,RS
430544,RS
430350,RS
430517,RS
431810,RS
431175,RS
430187,RS
430040,RS
432240,RS
431530,RS
431060,RS
431171,RS
431800,RS
430865,RS
431830,RS
431697,RS
431640,RS
431710,RS
430660,RS
430965,RS
430160,RS
430003,RS
431150,RS
430063,RS
431460,RS
430435,RS
431417,RS
431450,RS
431700,RS
430280,RS
430690,RS
430605,RS
432232,RS
431880,RS
431245,RS
431440,RS
430512,RS
431420,RS
430107,RS
430450,RS
430466,RS
430130,RS
431100,RS
430710,RS
431730,RS
431850,RS
430543,RS
431560,RS
500320,MS
500520,MS
500690,MS
500348,MS
500560,MS
500110,MS
500070,MS
500260,MS
500769,MS
500330,MS
500793,MS
500025,MS
500640,MS
500740,MS
500390,MS
500270,MS
500790,MS
500490,MS
500750,MS
500800,MS
500730,MS
500150,MS
500310,MS
500627,MS
500290,MS
500295,MS
500325,MS
500780,MS
500100,MS
500630,MS
500440,MS
500710,MS
500755,MS
500830,MS
500020,MS
500230,MS
500190,MS
500080,MS
500200,MS
500620,MS
500797,MS
500410,MS
500220,MS
500280,MS
500210,MS
500580,MS
500500,MS
500215,MS
500600,MS
500370,MS
500515,MS
500540,MS
500240,MS
500720,MS
500840,MS
500450,MS
500380,MS
500525,MS
500350,MS
500660,MS
500124,MS
500090,MS
500060,MS
500400,MS
500510,MS
500345,MS
500460,MS
500480,MS
500568,MS
500570,MS
500375,MS
500430,MS
500625,MS
500470,MS
500085,MS
500770,MS
500795,MS
500315,MS
500635,MS
510190,MT
510517,MT
510515,MT
510337,MT
510140,MT
510285,MT
510325,MT
510757,MT
510895,MT
510279,MT
510080,MT
510025,MT
510615,MT
510629,MT
510621,MT
510880,MT
510320,MT
510805,MT
510560,MT
510642,MT
510626,MT
510410,MT
510263,MT
510787,MT
510350,MT
510330,MT
510268,MT
510890,MT
510730,MT
510794,MT
510680,MT
510627,MT
510510,MT
510590,MT
510525,MT
510776,MT
510454,MT
510622,MT
510624,MT
510452,MT
510792,MT
510800,MT
510724,MT
510370,MT
510305,MT
510790,MT
510830,MT
510619,MT
510558,MT
510455,MT
510850,MT
510645,MT
510620,MT
510385,MT
510630,MT
510677,MT
510269,MT
510860,MT
510774,MT
510785,MT
510185,MT
510530,MT
510035,MT
510631,MT
510777,MT
510335,MT
510735,MT
510788,MT
510718,MT
510625,MT
510628,MT
510706,MT
510020,MT
510270,MT
510617,MT
510260,MT
510779,MT
510100,MT
510180,MT
510310,MT
510336,MT
510835,MT
510675,MT
510618,MT
510550,MT
510795,MT
510170,MT
510685,MT
510345,MT
510623,MT
510523,MT
510720,MT
510775,MT
510715,MT
510682,MT
510500,MT
510380,MT
510710,MT
510450,MT
510395,MT
510125,MT
510562,MT
510600,MT
510885,MT
510726,MT
510050,MT
510130,MT
510770,MT
510010,MT
510490,MT
510340,MT
510840,MT
510300,MT
510610,MT
510780,MT
510160,MT
510650,MT
510250,MT
510343,MT
510267,MT
510704,MT
510390,MT
510820,MT
510719,MT
510665,MT
510670,MT
510420,MT
510810,MT
510120,MT
510700,MT
510729,MT
510637,MT
510760,MT
510460,MT
510520,MT
510740,MT
510360,MT
510480,MT
510030,MT
510040,MT
510060,MT
521483,GO
521400,GO
521525,GO
522020,GO
521405,GO
522157,GO
520640,GO
521295,GO
520250,GO
520890,GO
520753,GO
520380,GO
521925,GO
520215,GO
521100,GO
521220,GO
520710,GO
520235,GO
521720,GO
521370,GO
520340,GO
520310,GO
520170,GO
520465,GO
521410,GO
521308,GO
520810,GO
521377,GO
521960,GO
521800,GO
520750,GO
522145,GO
520357,GO
522160,GO
520055,GO
521487,GO
521460,GO
520470,GO
520082,GO
521280,GO
521970,GO
520495,GO
520552,GO
521350,GO
521490,GO
520490,GO
520530,GO
522000,GO
520060,GO
522108,GO
520929,GO
521120,GO
522015,GO
520980,GO
521486,GO
521090,GO
521890,GO
521470,GO
521935,GO
521690,GO
521945,GO
522170,GO
521015,GO
521870,GO
521385,GO
520540,GO
520320,GO
520945,GO
520500,GO
521860,GO
522028,GO
520860,GO
520360,GO
521500,GO
520520,GO
521205,GO
521180,GO
521950,GO
520485,GO
521990,GO
521680,GO
521540,GO
520110,GO
521000,GO
520960,GO
520160,GO
521060,GO
521040,GO
520680,GO
521056,GO
521140,GO
522100,GO
521520,GO
521160,GO
520420,GO
520570,GO
520760,GO
521340,GO
520090,GO
521030,GO
521020,GO
521200,GO
520280,GO
520130,GO
520085,GO
520015,GO
521390,GO
520260,GO
521900,GO
522010,GO
520393,GO
521440,GO
522150,GO
521910,GO
520780,GO
521973,GO
522045,GO
520140,GO
520355,GO
520330,GO
520880,GO
520920,GO
520005,GO
522140,GO
521450,GO
522119,GO
520970,GO
520180,GO
520455,GO
520870,GO
521230,GO
520840,GO
520990,GO
520830,GO
522068,GO
520940,GO
521980,GO
520080,GO
520396,GO
520670,GO
521270,GO
522070,GO
521830,GO
520790,GO
520030,GO
521730,GO
520580,GO
520010,GO
522230,GO
521523,GO
522185,GO
521250,GO
520549,GO
521975,GO
520620,GO
520400,GO
521305,GO
520800,GO
520025,GO
520551,GO
521560,GO
521760,GO
522220,GO
520017,GO
520505,GO
521930,GO
521375,GO
521880,GO
520145,GO
521300,GO
521971,GO
521810,GO
520150,GO
521190,GO
521940,GO
521645,GO
521310,GO
520440,GO
520725,GO
522050,GO
520547,GO
521565,GO
522190,GO
520735,GO
522155,GO
520740,GO
521590,GO
520545,GO
520013,GO
521640,GO
521170,GO
521570,GO
520460,GO
520995,GO
522005,GO
520050,GO
520390,GO
521210,GO
520350,GO
521600,GO
520910,GO
520425,GO
521150,GO
520450,GO
520020,GO
521290,GO
521878,GO
521380,GO
521710,GO
521260,GO
521839,GO
520650,GO
521770,GO
522205,GO
521805,GO
520993,GO
522060,GO
522026,GO
520815,GO
522200,GO
521920,GO
521530,GO
521580,GO
522180,GO
521740,GO
520630,GO
520480,GO
520850,GO
520660,GO
520690,GO
521480,GO
521010,GO
522130,GO
520510,GO
520120,GO
521550,GO
520590,GO
521225,GO
520430,GO
521080,GO
520410,GO
521130,GO
520915,GO
521630,GO
521850,GO
522040,GO
530010,DF